ticker,company,prediction,headlines,last_close,raw_output
TSLA,Tesla,rise,"Elon Musk vs Sam Altman Day 2: Tesla boss testifies he founded OpenAI as nonprofit to counter Google | Elon Musk takes stand in trial vs. Sam Altman that could reshape AI’s future | Tesla driver, 18, in fatal Hwy 101 crash near Ventura ID'd | Sam Altman stole a charity, Elon Musk says as OpenAI trial begins | Musk takes stand in trial vs Altman that could reshape AI's future | Musk takes stand in trial vs Altman that could reshape AI's future | “I was not averse to a small for-profit,” Musk says. | Elon Musk appears in court at start of case that could reshape AI’s future | Elon Musk takes stand in legal showdown with Sam Altman | See Aftermath of 'The Voice' Alum Dylan Carter's Fatal Car Wreck",376.0200,"[Positive Developments]:
1. Elon Musk's testimony in the trial against Sam Altman could potentially reshape AI's future, which could be a positive development for Tesla as the company is a pioneer in the electric vehicle and clean energy sectors.
2. Musk's statement that he was not averse to a small for-profit could indicate a shift in the company's business strategy, potentially leading to increased profitability.

[Potential Concerns]:
1. The ongoing legal battle between Musk and Altman could lead to increased uncertainty and potential negative publicity for Tesla, which could negatively impact the company's stock price.
2. The fatal car wreck involving a Tesla driver could lead to increased scrutiny of the company's autonomous driving technology, which could potentially impact the company's reputation and stock price.

[Prediction & Analysis]:
Prediction: Rise (0-1% increase)
Analysis: Despite the potential concerns, the positive developments outweigh them. The trial against Altman could potentially lead to a more favorable regulatory environment for Tesla, which could drive growth and profitability. Additionally, Musk's statement about being open to a small for-profit could indicate a shift in the company's business strategy, potentially leading to increased profitability.
However, the fatal car wreck involving a Tesla driver could lead to increased scrutiny of the company's autonomous driving technology, which could potentially impact the company's reputation and stock price.
Overall, the positive developments outweigh the potential concerns, and therefore, I predict a slight increase in TSLA's stock price for the upcoming week."
AAPL,Apple,rise,"What The Pundits Missed About Tim Cook’s Leadership | Don't loot a charity: Musk takes stand against OpenAI | Apple confirms iOS Weather App outage: Is it working now? What we know | Apple cofounder who missed out on $400B fortune promotes Busch Light Apple beer | AirPods Pro 3 just dropped back down to one of the best prices in months at Amazon | Start With These 9 Essential Apple Watch Tips to Get the Most Out of Your Smartwatch | King Charles meets with US tech leaders, talks startup challenges | Apple Pay for Transit Now Works in These 12 U.S. Cities | Apple is finally building the AI Photo editor that Google and Samsung have had for years | Big Tech Earnings Preview: The AI Supercycle Meets Reality",270.7100,"[Positive Developments]:
1. Apple confirmed the iOS Weather App outage is now working, which could potentially boost user confidence in the company's technology.
2. Apple's co-founder, Steve Wozniak, is promoting Busch Light Apple beer, which could potentially increase brand recognition and sales.
3. Apple Pay for transit is now available in 12 U.S. cities, which could potentially increase user adoption and revenue.

[Potential Concerns]:
1. The company's stock price has been steadily decreasing over the past week, which could indicate a potential downturn in the company's stock performance.
2. The company's co-founder, Elon Musk, has taken a stand against OpenAI, which could potentially create a negative perception of the company among some investors.

[Prediction & Analysis]:
Prediction: Rise
Analysis: Despite the recent stock price decrease, Apple's positive developments such as the resumption of the iOS Weather App, the promotion of Busch Light Apple beer, and the expansion of Apple Pay for transit, suggest that the company is actively engaging in strategic initiatives to increase user adoption and revenue. These developments could potentially boost user confidence and increase brand recognition, which could drive up the stock price. Additionally, the company's expansion into new markets such as transit payments could also contribute to increased revenue and user adoption, which could positively impact the stock price.
However, the negative perception of the company due to Elon Musk's stance against OpenAI could potentially create a short-term negative impact on the stock price. However, this concern is likely to be short-lived and may not significantly impact the company's long-term performance. Therefore, based on the positive developments and potential for increased revenue, I predict that the stock price of Apple will rise in the upcoming week."
NVDA,Nvidia,rise,"King Charles meets with US tech leaders, talks startup challenges | Nvidia: AI Transcends Semiconductors' Cyclical Nature | open multimodal model with 30B params, 3B active, for edge AI agents | Nvidia quietly released a new version of GeForce RTX 5070 GPU inside a driver blog post | Traders bet Nvidia's stock will return to record highs soon | Vanguard Capital Management reports 7.31% passive stake in Nvidia Corp as of March 31 | Framework now offers Nvidia’s new 12GB RTX 5070 laptop GPU for the Laptop 16. | Dow Jones AI Leader Caterpillar, Nvidia Chipmaker TSMC In Buy Zone | SpaceX Will Start Making GPUs Soon, And They Could Potentially Compete With Nvidia | How To Invest Using These 2 Integral Upgrades",213.1700,"[Positive Developments]:
1. Nvidia's AI Transcends Semiconductors' Cyclical Nature: This indicates that Nvidia's technology is moving beyond the traditional cyclical nature of the semiconductor industry, which could lead to more consistent and sustainable growth.
2. New Version of GeForce RTX 5070 GPU: The release of a new version of the GeForce RTX 5070 GPU could potentially increase demand for Nvidia's products, leading to higher sales and revenue.
3. Vanguard Capital Management's 7.31% Passive Stake in Nvidia Corp: This indicates that a significant investment firm has a significant stake in Nvidia, which could lead to increased liquidity and stability in the stock.

[Potential Concerns]:
1. Competition from SpaceX: The news that SpaceX will start making GPUs soon could potentially lead to increased competition for Nvidia, which could negatively impact its market share and profitability.
2. Unknown Basic Financials: The lack of basic financial reports could indicate potential financial instability or uncertainty, which could negatively impact investor confidence and lead to a decrease in stock price.

[Prediction & Analysis]:
Prediction: Rise (0-1%)
Analysis: Despite potential concerns, the positive developments outweigh them. The company's AI technology is moving beyond the traditional cyclical nature of the semiconductor industry, which could lead to more consistent and sustainable growth. Additionally, the release of a new version of the GeForce RTX 5070 GPU could potentially increase demand for Nvidia's products, leading to higher sales and revenue. Furthermore, the fact that a significant investment firm has a stake in Nvidia could lead to increased liquidity and stability in the stock. These factors suggest that the stock price could potentially rise by 0-1% in the upcoming week."
