id,prediction,raw
AAPL_2024-03-04,fall,"[Positive Developments]: 1. No directly related positive news for AAPL was found in the given period. 2. The overall market had some positive movements, such as the Dow's rally. 3. Indirectly, the growth of the tech sector could benefit AAPL.  [Potential Concerns]: 1. Apple was hit with a €1.8 billion EU fine over music app abuses. 2. Lack of direct positive news about AAPL during the period. 3. The stock price had already been decreasing before the given period.  Prediction: Fall Analysis: The recent EU fine and lack of positive news directly related to AAPL, combined with the already decreasing stock price, suggest a continued downward trend for AAPL's stock price in the upcoming week."
AAPL_2024-04-08,rise,"[Positive Developments]: 1. TSMC's plan for a third leading-edge fab in Phoenix could benefit AAPL as a major TSMC customer. 2. Potential price increases by competitors like Spotify could lead to increased revenue for AAPL's music streaming services. 3. The overall growth in the tech industry could have a positive impact on AAPL's stock price.  [Potential Concerns]: 1. EU regulators assessing AAPL's plan for complying with music streaming order could lead to potential fines or changes in business practices. 2. The earthquake in Taiwan and subsequent evacuation of TSMC staff could impact AAPL's supply chain. 3. Increased competition in the tech industry could negatively impact AAPL's market share.  Prediction: Rise Analysis: Despite some potential concerns, the overall positive developments in the tech industry and potential benefits from TSMC's expansion plans could lead to an increase in AAPL's stock price. Additionally, the company's strong brand and market position are likely to help it navigate any regulatory challenges or supply chain disruptions, supporting a rise in the stock price."
AAPL_2024-05-13,rise,"[Positive Developments]: 1. The announcement of 'What If…? – An Immersive Story' coming exclusively to Apple Vision Pro could boost Apple's services and hardware sales. 2. The overall increase in stock price from $181.56 to $184.68 from 2024-05-03 to 2024-05-13 indicates a positive market sentiment. 3. The lack of negative news directly related to Apple during this period suggests stability.  [Potential Concerns]: 1. The absence of specific financial data or updates from Apple during this period leaves investors without new insights into the company's performance. 2. General market trends and external factors not directly related to Apple could influence its stock price. 3. The Digital Markets Act, though not directly mentioned in relation to Apple, could potentially impact the company's operations in the future.  Prediction: Rise Analysis: Given the exclusive content announcement for Apple Vision Pro and the recent stock price increase, it suggests a positive outlook for Apple. The lack of negative news directly related to the company also supports this view. While there are potential concerns, they seem less directly impactful on Apple's stock price in the short term, leading to a prediction of a continued rise in the stock price for the upcoming week."
AAPL_2024-06-10,remain,"[Positive Developments]: 1. Dexcom launches G7 with Apple Watch integration in the U.S., indicating a potential increase in Apple Watch sales and a strengthening of Apple's ecosystem. 2. The lack of negative news directly related to Apple suggests stability and no major setbacks for the company. 3. Apple's position in the market and its brand value continue to be strong, despite Nvidia overtaking it as the No. 2 most valuable company.  [Potential Concerns]: 1. Nvidia overtaking Apple as the No. 2 most valuable company may indicate a shift in investor sentiment towards other tech companies. 2. The absence of significant positive news or updates from Apple itself may lead to a lack of momentum in the stock price. 3. Market trends and reconstitutions, such as the FTSE Russell’s 36th Annual Russell Reconstitution, may affect Apple's stock price if investors readjust their portfolios.  Prediction: Remain Analysis: Given the relatively stable and slightly positive news for Apple, combined with the lack of major negative developments, it's likely that the stock price will remain relatively stable in the upcoming week. The integration of Dexcom's G7 with Apple Watch is a positive development, but it may not be enough to significantly drive up the stock price. Meanwhile, the overtaking by Nvidia and potential market adjustments may prevent a significant rise. Overall, the factors seem to balance each other out, leading to a prediction of a stable stock price."
MSFT_2024-03-04,rise,"[Positive Developments]: 1. Microsoft's recent legal victory in the OTA ruling, which favors the company and opens the door for taxpayer refunds on foreign dividends. 2. Microsoft's significant investment in data center land near Gainesville, indicating the company's commitment to expansion and growth. 3. The mention of Microsoft in the context of Citadel's Ken Griffin's top holdings, suggesting that the company is a favored investment among major investors.  [Potential Concerns]: 1. The lawsuit filed by The New York Times, which may pose a potential risk to Microsoft's reputation and finances if not dismissed. 2. The lack of detailed financial information, making it difficult to assess the company's current financial health. 3. The general market volatility, as evidenced by the Dow's rally and Nvidia's gains, which may impact Microsoft's stock price.  Prediction: Rise Analysis: Despite some potential concerns, the positive developments, such as the OTA ruling and significant investment in data center land, suggest that Microsoft is poised for growth and expansion. The company's inclusion in Citadel's top holdings also indicates investor confidence. With the stock price already showing an increase from $403.26 to $407.76, it is likely that the upward trend will continue, driven by the company's strategic investments and favorable legal outcomes."
MSFT_2024-04-08,rise,"[Positive Developments]: 1. The Bank of Montreal's successful use of Azure, which could lead to increased adoption of MSFT's cloud services. 2. The general trend of companies investing in cloud computing and digital transformation, which MSFT is well-positioned to benefit from. 3. The potential for MSFT to gain from the growing demand for cloud services, as hinted by the HubSpot acquisition news, even though it's related to Google.  [Potential Concerns]: 1. The lack of direct, MSFT-specific news during the given period, which might indicate a lack of catalysts for significant stock price movement. 2. The general risks associated with corporate governance gaps and erosion in the rule of law, which could potentially affect MSFT. 3. The absence of reported basic financials, making it difficult to assess MSFT's current financial health.  Prediction: Rise Analysis: Despite the lack of direct MSFT-specific news, the overall trend of increasing adoption of cloud services and digital transformation is likely to benefit MSFT. The successful use of Azure by the Bank of Montreal is a positive indicator of MSFT's cloud services capabilities. With the growing demand for cloud services, MSFT is well-positioned to gain from this trend, which could lead to a rise in its stock price."
MSFT_2024-05-13,rise,"[Positive Developments]: 1. Australia Pacific Airports Corporation's adoption of Dynamics 365 indicates MSFT's growing presence in the enterprise software market. 2. The mention of Microsoft in the context of WEC Energy's Gale Klappa's statement about building on the foundation set by Foxconn and Power the Future suggests potential partnerships or collaborations. 3. The overall cloud market growth, with Google Cloud being the hottest major cloud vendor, may indirectly benefit MSFT as a major cloud player.  [Potential Concerns]: 1. The lack of direct MSFT-related news may indicate a lack of significant catalysts for stock price movement. 2. Cisco's addition of AI features to AppDynamics On-Premises could be seen as competition to MSFT's own AI and cloud offerings. 3. The absence of basic financials data makes it difficult to assess MSFT's current financial health.  Prediction: Rise Analysis: Despite the lack of direct MSFT-related news, the company's growing presence in the enterprise software market and potential partnerships or collaborations are positive indicators. The overall growth of the cloud market may also contribute to MSFT's stock price increase. Additionally, the recent stock price increase from $399.65 to $406.59 may indicate ongoing momentum, leading to a predicted rise in the stock price for the upcoming week."
MSFT_2024-06-10,rise,"[Positive Developments]: 1. MSFT's increasing stock price from $408.71 to $421.25 indicates a positive market sentiment. 2. The company's involvement in AI, as hinted by the mention of generative AI investment and AI chip war, could lead to future growth. 3. Losing the Microsoft Bing business to Perion might not significantly impact MSFT, given its diverse revenue streams.  [Potential Concerns]: 1. Top managers selling popular stocks, including possibly MSFT, could indicate a lack of confidence. 2. The AI chip war between NVIDIA and AMD might pose a challenge to MSFT's own AI initiatives. 3. The lack of direct MSFT-related news might suggest that the company is not making significant strides in the market.  Prediction: Rise Analysis: Despite some potential concerns, MSFT's recent stock price increase and its involvement in the growing AI sector are likely to drive the stock price up in the upcoming week, as investors remain optimistic about the company's future prospects and growth potential in the tech industry."
NVDA_2024-03-04,rise,"[Positive Developments]: 1. NVDA's stock price increased from $78.77 to $85.18, indicating a strong upward trend. 2. The company was mentioned in the Zacks Investment Ideas feature, highlighting its potential. 3. The CHIPS Act and its distribution may benefit NVDA, creating a pivotal point in establishing the U.S. market structure. 4. The AI megatrend may continue to drive NVDA's growth, as the company is a key player in the field.  [Potential Concerns]: 1. The lack of specific company news and basic financials makes it difficult to assess NVDA's current financial health. 2. The market may be due for a correction after the recent rally. 3. Intense competition in the tech industry may pose a challenge to NVDA's growth. 4. Regulatory changes or global economic shifts could impact NVDA's stock price.  Prediction: Rise Analysis: Despite the lack of specific company news and basic financials, the overall trend and industry developments suggest a positive outlook for NVDA. The company's involvement in the AI megatrend and potential benefits from the CHIPS Act may continue to drive its growth, leading to a rise in stock price. Additionally, the recent upward trend in stock price may indicate continued investor confidence in the company. However, it's essential to monitor the market and company-specific news for any changes that could impact this prediction."
NVDA_2024-04-08,remain,"[Positive Developments]: 1. TSMC's plan for a third leading-edge fab in Phoenix could benefit NVDA as a major customer. 2. The overall growth of the AI and chipmaking industry could positively impact NVDA. 3. The CHIPS Act direct funding announcement could lead to increased investment in the industry.  [Potential Concerns]: 1. TSMC's evacuation of staff and pause in machinery due to the Taiwan earthquake could impact NVDA's supply chain. 2. AMD's advancements in open source initiatives could pose competition to NVDA. 3. The cancellation of SkyWater's Indiana plant plans could indicate industry uncertainty.  Prediction: Remain Analysis: The recent decrease in NVDA's stock price may have already accounted for the potential concerns, such as TSMC's supply chain disruption and AMD's competitive advancements. Meanwhile, the positive developments, including TSMC's expansion plans and the growth of the AI industry, could provide a counterbalance, leading to a stable stock price in the upcoming week."
NVDA_2024-05-13,rise,"[Positive Developments]: 1. Nvidia's next-generation GPU reveal, integrating eight HBM 4 and TSMC N3 process, indicates a technological advancement. 2. The company is mentioned among those that shine in Wall Street's 'beat-and-raise' game, suggesting strong performance. 3. Nvidia's partnership with Red Hat for AI microservices enhances its position in the AI sector. 4. The overall positive sentiment in the news, with suggestions to buy Nvidia stock or related ETFs, indicates investor confidence.  [Potential Concerns]: 1. Lack of basic financials data makes it difficult to assess the company's current financial health. 2. The market's focus on earnings reports, with Nvidia's scheduled for May 22, may introduce uncertainty. 3. General market trends and external factors could impact Nvidia's stock price.  Prediction: Rise Analysis: The positive developments, such as the reveal of Nvidia's next-generation GPU and its partnership with Red Hat, suggest the company is making significant advancements in technology and strengthening its position in the AI sector. Additionally, the overall positive sentiment in the news and the company's strong performance in the 'beat-and-raise' game contribute to an optimistic outlook. While there are potential concerns, such as the lack of financial data and upcoming earnings reports, the overall positive tone is expected to drive the stock price up in the short term."
NVDA_2024-06-10,rise,"[Positive Developments]: 1. NVIDIA overtaking Apple as the No. 2 most valuable company, indicating strong market performance. 2. The company's involvement in the AI chip war, suggesting innovation and competitiveness. 3. Increased demand for AI-related chips, as seen in TSMC's record-high shares, benefiting NVIDIA's business. 4. General positive sentiment towards US stocks, as mentioned in the S&P 500 article, which could boost investor confidence.  [Potential Concerns]: 1. Intensifying competition in the AI chip market, potentially affecting NVIDIA's market share. 2. Lack of specific financial data to support the stock's recent growth. 3. Dependence on the continuous growth of the AI industry, which may be subject to fluctuations. 4. Potential risks associated with rapid stock price increases, such as market volatility.  Prediction: Rise Analysis: Given the recent surge in NVDA's stock price and the overall positive sentiment towards the company's position in the AI chip market, it is likely that the stock will continue to rise in the upcoming week. The lack of specific financial concerns and the general trend of growth in the AI industry support this prediction, despite potential competition and market volatility risks."
JPM_2024-03-04,remain,"[Positive Developments]: 1. The overall market trend from 2024-02-23 to 2024-03-04 was positive for JPM, with its stock price increasing from $175.37 to $177.93. 2. The lack of negative news directly related to JPM during this period suggests stability. 3. General banking and financial news, such as refinancing and wealth management moves, indicate ongoing activity in the sector.  [Potential Concerns]: 1. The absence of direct, positive news about JPM may indicate a lack of significant growth drivers. 2. News about other companies, such as potential acquisitions and restructurings, could indirectly affect JPM's competitive landscape. 3. The softening vocabulary following DEI backlash, as seen with Sherwin-Williams, might reflect broader societal shifts that could impact JPM's public image and operations.  Prediction: Remain Analysis: Given the stable increase in JPM's stock price without significant direct news, and considering the general activity in the banking sector, it's likely that JPM's stock will remain relatively stable in the upcoming week, as there are no strong indicators for a sharp rise or fall. The market seems to be awaiting more substantial news or financial reports from JPM to make significant moves."
JPM_2024-04-08,remain,"[Positive Developments]: 1. JPMorgan CEO Jamie Dimon's Annual Letter suggests the company is prepared for potential interest rate changes. 2. The company's involvement in significant investments, such as the $425M preferred equity investment led by General Atlantic Credit, indicates its strong financial position. 3. The lack of negative news directly related to JPMorgan during this period can be seen as a positive factor.  [Potential Concerns]: 1. The possibility of interest rates going ""far higher than many expect"" as mentioned by Jamie Dimon could impact borrowing costs and overall economic activity. 2. The absence of specific basic financials for JPMorgan makes it difficult to assess the company's current financial health. 3. General market trends and external factors, such as the performance of other financial institutions, could influence JPMorgan's stock price.  Prediction: Remain Analysis: Given the relatively stable stock price movement from $190.91 to $190.28 over the past week, and considering the lack of significant negative news directly related to JPMorgan, it is likely that the stock price will remain relatively stable in the upcoming week. The company's preparedness for potential interest rate changes and its involvement in significant investments are positive factors, but the uncertainty surrounding interest rates and the absence of specific financials may prevent a significant rise in the stock price."
JPM_2024-05-13,rise,"[Positive Developments]: 1. The overall market trend, as indicated by Asia and Europe markets advancing, could have a positive impact on JPM's stock price. 2. The fact that other financial institutions, such as Fidelity and Old Republic, reported 1Q profits may suggest a positive trend for the financial sector. 3. JPM's stock price increase from $182.64 to $190.52 during the given period may indicate growing investor confidence.  [Potential Concerns]: 1. The loss of senior JPMorgan executives to Wells Fargo could be a concern, as it may indicate internal issues or dissatisfaction. 2. The lack of direct, positive news about JPM during the given period may suggest that the stock price increase is not entirely based on the company's performance. 3. Negative experiences with other banks, such as the issue with Truist, may raise concerns about the banking sector as a whole.  Prediction: Rise Analysis: Despite some potential concerns, the overall trend of the market and the financial sector seems positive, which could continue to support JPM's stock price growth. The increase in JPM's stock price during the given period may also indicate growing investor confidence, which could lead to further investment and a subsequent rise in the stock price. However, it is essential to monitor the situation with senior executives leaving for Wells Fargo and any potential impact on JPM's operations."
JPM_2024-06-10,remain,"[Positive Developments]: 1. None directly related to JPM were found in the given news. 2. The overall market news did not indicate any significant negative trends for JPM. 3. Potential expansion and innovation in the financial sector, as hinted at by various company news, could indirectly benefit JPM.  [Potential Concerns]: 1. Lack of direct positive news about JPM may indicate a lack of significant growth or innovation. 2. The decrease in stock price from $194.26 to $191.36 may indicate a downward trend. 3. General market volatility, as suggested by articles on options volume and panic buying, could affect JPM's stock price.  Prediction: Remain Analysis: Given the lack of direct news about JPM and the general market trends, it's likely that JPM's stock price will remain relatively stable in the upcoming week, as there are no strong indicators of significant growth or decline. The previous decrease in stock price may have already accounted for any negative factors, and without new information, the stock price may not experience significant movement."
WMT_2024-03-04,rise,"[Positive Developments]: 1. Walmart sells intermodal assets to JB Hunt, which could lead to increased efficiency and cost savings. 2. CEO explains why RadNet is piloting mammogram screenings in Walmart stores, indicating potential expansion of healthcare services. 3. Nestlé, P&G, and Walmart reveal their 2024 talent retention secrets, suggesting a strong focus on employee development and retention.  [Potential Concerns]: 1. Central Virginia poultry growers forming co-op in wake of Tyson facility closure, contract buyouts, which may impact Walmart's poultry supply chain. 2. San Francisco Macy’s to close, potentially indicating a decline in retail sales or shifting consumer behavior. 3. Lack of reported basic financials, making it difficult to assess the company's current financial health.  Prediction: Rise Analysis: Despite some potential concerns, the positive developments, such as the sale of intermodal assets and the expansion of healthcare services, may contribute to increased efficiency and revenue growth, leading to a potential rise in WMT's stock price. Additionally, the company's focus on talent retention suggests a strong commitment to employee development, which can lead to improved operational performance and long-term success."
WMT_2024-04-08,remain,"[Positive Developments]: 1. No direct negative news about WMT was reported, indicating no significant internal issues. 2. Competitors' news, such as Target's new membership program and Costco's weight-loss programs, may not directly impact WMT's sales. 3. The recall of Mainstays Electric Mini Choppers, although a concern, is a contained issue and was addressed promptly.  [Potential Concerns]: 1. Target's aggressive marketing and new programs may attract customers away from WMT. 2. The lack of significant positive news about WMT may lead to investor indifference. 3. Competitors' innovative offerings, such as Costco's weight-loss programs, may pressure WMT to keep up.  Prediction: Remain Analysis: Given the lack of significant news directly impacting WMT and the relatively stable stock price movement from $58.86 to $58.48, it is likely that WMT's stock price will remain stable in the upcoming week, as there are no strong indicators of a major rise or fall. The company's ability to contain and address the recall issue and the absence of direct negative news may help maintain investor confidence, while competitors' moves may not have an immediate significant impact on WMT's stock price."
WMT_2024-05-13,remain,"[Positive Developments]: 1. WMT's stock price has been increasing, indicating a positive trend. 2. The company's potential acquisition of Vizio for $2.3 billion could lead to expansion and growth. 3. Partnerships and collaborations, such as the one between Tesla and other companies, may create opportunities for WMT to explore similar partnerships.  [Potential Concerns]: 1. The FTC's request for more information about the Vizio acquisition may lead to delays or complications. 2. WMT being flagged for 'deceptive' reef-friendly sunscreen claims could harm the company's reputation. 3. Increased competition from other retailers, such as Target and Weis Markets, may impact WMT's sales and market share.  Prediction: Remain Analysis: Given the mixed news and lack of significant financial information, WMT's stock price may remain stable in the upcoming week. The potential acquisition of Vizio and increasing stock price trend are positive factors, but the FTC's request for more information and the company's reputation being questioned due to deceptive claims may offset these positives, leading to a stable stock price."
WMT_2024-06-10,rise,"[Positive Developments]: 1. Walmart's plan to bring electronic shelf labels to thousands of stores, which can improve customer experience and operational efficiency. 2. Expansion of Walmart's inHome delivery service, indicating a focus on convenience and customer satisfaction. 3. Introduction of digital shelf labels in 2,300 stores by 2026, showcasing the company's commitment to technological advancements. 4. Potential acquisition opportunities, such as Family Dollar, which could expand Walmart's market share.  [Potential Concerns]: 1. Lack of basic financial information, making it difficult to assess the company's current financial health. 2. Intense competition in the retail industry, which could impact Walmart's market share and profitability. 3. Potential integration challenges if Walmart were to acquire a new brand, such as Family Dollar.  Prediction: Rise Analysis: The introduction of electronic shelf labels and expansion of inHome delivery service demonstrate Walmart's efforts to enhance customer experience and stay competitive. Although there are concerns about financials and competition, the company's technological advancements and potential acquisition opportunities are likely to drive growth, leading to a rise in stock price."
