id,prediction,raw
AAPL_2024-03-04,rise,"[Positive Developments]: 1. Apple has been in the news for its new virtual card integration for small-business travel and expenses, which could potentially increase its revenue. 2. The company has been endorsed by IHG Hotels for its digital tipping service, which could lead to increased adoption and revenue growth.  [Potential Concerns]: 1. Apple has been hit with a €1.8 billion EU fine over its music app abuses, which could lead to increased costs and potential legal challenges.  [Prediction & Analysis]: Prediction: Up by 1-2% Analysis: Despite the recent fine from the EU, Apple's new virtual card integration and endorsement from IHG Hotels could potentially offset the negative impact of the fine. The company's focus on digital tipping and its integration with small-business travel could also lead to increased revenue and growth. However, the fine could still have a negative impact on the company's stock price in the short term. Therefore, I predict a slight increase in the stock price by 1-2% in the upcoming week.  In conclusion, while the EU fine presents a potential concern, the positive developments such as the virtual card integration and endorsement from IHG Hotels could outweigh the negative impact of the fine. Therefore, I predict a slight increase in the stock price for the upcoming week."
AAPL_2024-04-08,rise,"[Positive Developments]: 1. Apple's plan for complying with music streaming order could potentially lead to increased revenue and market share in the music streaming industry. 2. The company's plan for a third leading-edge fab in Phoenix could potentially increase production capacity and lead to cost savings. 3. The company's inclusion in the Bloomberg News' list of stocks to buy for indirect crypto exposure suggests that the company's financial performance is strong and could potentially lead to increased investor interest.  [Potential Concerns]: 1. The earthquake in Taiwan, where TSMC is located, could potentially disrupt the supply chain and impact Apple's production. 2. The company's decision to raise prices of its plans in some markets could potentially lead to a decrease in demand.  [Prediction & Analysis]: Prediction: Up by 1-2% Analysis: Based on the positive developments, it seems that Apple is making strategic moves to increase its market share and revenue. The company's plan for a third leading-edge fab in Phoenix could potentially increase production capacity and lead to cost savings, which could positively impact the company's bottom line. Additionally, the company's inclusion in the Bloomberg News' list of stocks to buy for indirect crypto exposure suggests that the company's financial performance is strong and could potentially lead to increased investor interest. However, there are also potential concerns that could impact the company's stock price. The earthquake in Taiwan could potentially disrupt the supply chain and impact Apple's production, which could negatively impact the company's revenue. Additionally, the company's decision to raise prices of its plans in some markets could potentially lead to a decrease in demand, which could negatively impact the company's revenue. Overall, while there are potential concerns, the positive developments suggest that Apple is making strategic moves to increase its market share and revenue. Therefore, I pred"
AAPL_2024-05-13,rise,"[Positive Developments]: 1. Apple's new product, the OUKITEL WP35, has officially launched on AliExpress, which could potentially increase the company's revenue and market share. 2. The Digital Markets Act Roundup in March 2024 highlighted Apple's strong position in the digital market, which could lead to increased investor confidence and higher stock prices.  [Potential Concerns]: 1. The recall of faulty insulin pump technology could negatively impact Apple's reputation and potentially lead to financial losses. 2. The increasing competition in the tech sector, particularly from new players like OUKITEL, could potentially reduce Apple's market share and profitability.  [Prediction & Analysis]: Prediction: Up by 2-3% Analysis: Based on the positive developments, Apple's stock price is expected to rise by 2-3% in the upcoming week. The launch of the OUKITEL WP35 on AliExpress could potentially increase Apple's revenue and market share, especially if the product is well received by consumers. Additionally, the Digital Markets Act Roundup highlighted Apple's strong position in the digital market, which could lead to increased investor confidence and higher stock prices. However, there are also potential concerns that could negatively impact Apple's stock price. The recall of faulty insulin pump technology could lead to a loss of reputation and potentially result in financial losses. Moreover, the increasing competition in the tech sector could reduce Apple's market share and profitability. Despite these concerns, the positive developments outweigh them, and therefore the stock price is expected to rise by 2-3% in the upcoming week."
AAPL_2024-06-10,remain,"[Positive Developments]: 1. Apple has been named as one of the highest-paid S&P 500 CEOs of 2023, indicating strong financial performance. 2. The company is exploring new frontiers in AI privacy in the cloud, which could lead to innovative and potentially lucrative products. 3. Apple has been in talks with HP and telecoms to sell its AI-powered Pin, which could expand its customer base and increase revenue.  [Potential Concerns]: 1. Apple has been overtaken by Nvidia as the second most valuable company, which could indicate a shift in market dynamics. 2. The company is facing competition from Arm, which aims to win 50% of the PC market in the next five years.  [Prediction & Analysis]: Prediction: Down by 1-2% Analysis: While Apple has shown strong financial performance and innovation in AI privacy, the company is also facing significant competition in the PC market. The overtaking of Apple by Nvidia as the second most valuable company could indicate a shift in market dynamics, and the competition from Arm could further challenge Apple's position in the PC market. Additionally, the company's focus on AI privacy could lead to increased costs and potential competition from other companies in the space. Given these factors, it is likely that Apple's stock price will experience a slight decrease of 1-2% in the upcoming week. However, it's important to note that Apple has a strong track record of innovation and financial performance, which could help mitigate any potential negative impacts."
MSFT_2024-03-04,rise,"[Positive Developments]: 1. Microsoft seeks to dismiss parts of a lawsuit filed by The New York Times, which could potentially reduce legal costs and improve the company's reputation. 2. The company has been involved in a favorable ruling in OTA, which could lead to taxpayer refunds on foreign dividends. 3. Microsoft has been investing in data centers, which could potentially increase its capacity and efficiency.  [Potential Concerns]: 1. The company is facing a lawsuit from The New York Times, which could potentially result in legal costs and damages. 2. The company's stock has been performing well, which could lead to increased expectations and pressure to maintain its performance.  [Prediction & Analysis]: Prediction: Rise (1-2%) Analysis: Microsoft's recent developments are largely positive, with the company seeking to dismiss parts of a lawsuit and investing in data centers. These developments could potentially lead to increased efficiency and capacity, which could positively impact the company's financial performance. Additionally, the favorable OTA ruling could result in taxpayer refunds on foreign dividends, which could also positively impact the company's financial performance. However, the lawsuit from The New York Times could potentially result in legal costs and damages, which could negatively impact the company's financial performance. Additionally, the company's stock has been performing well, which could lead to increased expectations and pressure to maintain its performance. Overall, while there are some potential concerns, the positive developments outweigh them. Therefore, I predict a slight rise in Microsoft's stock price for the upcoming week, potentially by 1-2%."
MSFT_2024-04-08,rise,"[Positive Developments]: 1. Microsoft's stock price increased by 2.7% in a week, indicating a positive market sentiment towards the company. 2. The company's acquisition of HubSpot could potentially boost Google's cloud computing business, which could lead to increased revenue and profitability. 3. Microsoft was named a winner of the 2024 IoT Evolution Industrial IoT Product of the Year Awards, which could increase the company's credibility and reputation in the industry.  [Potential Concerns]: 1. The lack of basic financial reports suggests that the company may be experiencing financial difficulties, which could negatively impact its stock price. 2. The erosion of the rule of law in some countries could create potential corporate governance gaps and increase risks for management.  [Prediction & Analysis]: Prediction: Up by 1-2% Analysis: Based on the positive developments and potential concerns, it is predicted that Microsoft's stock price will increase by 1-2% in the upcoming week. The positive market sentiment towards the company, coupled with the potential boost to its cloud computing business from the HubSpot acquisition, suggests that the company's stock price could continue to rise. However, the lack of basic financial reports and the potential risks associated with the erosion of the rule of law in some countries could potentially hinder the company's financial performance and increase the risk of a price drop. Overall, the positive developments outweigh the potential concerns, leading to a predicted increase in the stock price."
MSFT_2024-05-13,rise,"[Positive Developments]: 1. Microsoft has been expanding its presence in the digital commerce space with its acquisition of VTEX, which could potentially increase its revenue and market share in the industry. 2. The company has been investing in AI and RPA technologies, which could lead to increased efficiency and productivity in its operations and services. 3. Microsoft has been recognized as a leader in the cloud computing market, with Google Cloud being the only major competitor.  [Potential Concerns]: 1. The company has not reported any basic financial information, which could indicate a lack of transparency or potential financial difficulties. 2. The company's stock price has been steadily rising, which could indicate a potential bubble or overvaluation.  [Prediction & Analysis]: Prediction: Down by 1-2% Analysis: Despite the positive developments, there are some concerns that could potentially impact Microsoft's stock price in the upcoming week. The lack of basic financial information could indicate potential financial difficulties, which could lead to a decrease in investor confidence and a subsequent decrease in the stock price. Additionally, the steady rise in the stock price could indicate a potential bubble or overvaluation, which could also lead to a decrease in the stock price. However, the positive developments in the company's digital commerce and AI investments could potentially offset these concerns and lead to a slight increase in the stock price. The company's strong position in the cloud computing market and its acquisition of VTEX could also lead to increased revenue and market share, which could support a slight increase in the stock price. Overall, while there are some potential concerns, the positive developments and strong position in the market could potentially offset these concerns and lead to a slight increase in the stock price. However, it's important to keep a close eye on the company's financial performance and market trends to ensur"
MSFT_2024-06-10,rise,"[Positive Developments]: 1. Microsoft's stock price has been steadily increasing over the past weeks, indicating a positive market sentiment. 2. The company's CEO has stated that nuclear power is overblown as an energy source for data centers, which could be a positive development as it could lead to more sustainable and environmentally-friendly data centers. 3. Microsoft has been investing in AI, which could lead to new and innovative products and services.  [Potential Concerns]: 1. The loss of Microsoft Bing business by Perion's ad-tech company could be a concern for Microsoft as it may impact their revenue. 2. The company's CEO has stated that they are accelerating innovation with generative AI investment, which could be a potential concern as it may lead to increased competition in the AI space.  [Prediction & Analysis]: Prediction: Rise (0-1% increase) Analysis: Based on the positive developments and potential concerns, it is predicted that Microsoft's stock price will rise by 0-1% in the upcoming week. The steady increase in the stock price over the past weeks indicates a positive market sentiment, and the company's investment in AI could lead to new and innovative products and services. However, the loss of Microsoft Bing business by Perion's ad-tech company could be a concern, and the company's CEO's statement about accelerating innovation with generative AI investment could lead to increased competition in the AI space. Despite these potential concerns, the positive developments outweigh them, leading to a predicted rise in the stock price."
NVDA_2024-03-04,fall,"[Positive Developments]: 1. The company's stock price has been steadily rising over the past weeks, indicating strong investor confidence. 2. The company has been featured in several positive news articles, including Zacks Investment Ideas and The AI Megatrend, which highlights the company's potential for growth in the AI industry.  [Potential Concerns]: 1. The company has not reported any basic financial information, which could indicate a lack of transparency or potential financial difficulties. 2. The company is facing potential competition from other chipmakers, such as Intel, TSMC, and Broadcom, which could impact its market share.  [Prediction & Analysis]: Prediction: Down by 2-3% Analysis: Despite the positive developments, there are some concerns that could potentially impact NVDA's stock price in the upcoming week. The lack of basic financial information could indicate a lack of transparency, which could lead to a decrease in investor confidence. Additionally, the company is facing potential competition from other major chipmakers, which could impact its market share and potentially lead to a decrease in stock price. However, the company's recent features in positive news articles suggest that it has a strong potential for growth in the AI industry, which could potentially offset these concerns. Therefore, I predict a slight decrease in NVDA's stock price by 2-3% in the upcoming week."
NVDA_2024-04-08,rise,"[Positive Developments]: 1. TSMC, a major chipmaker, announced a significant investment in a new fab in Arizona, which could potentially boost NVDA's business. 2. The company's CEO, Mark Zuckerberg, has been actively promoting the use of generative AI, which could potentially lead to new business opportunities for NVDA.  [Potential Concerns]: 1. The recent earthquake in Taiwan, where TSMC is based, could potentially disrupt the company's operations and impact NVDA's supply chain. 2. The company's stock price has been steadily decreasing over the past weeks, which could indicate a potential downturn in the market.  [Prediction & Analysis]: Prediction: Rise (0-1% increase) Analysis: Despite the recent stock price decrease, NVDA's positive developments, such as the TSMC investment and the CEO's support for generative AI, suggest that the company is well-positioned for future growth. The earthquake in Taiwan may cause some short-term disruption, but it is unlikely to have a significant long-term impact on NVDA's operations. Therefore, the company's stock price is expected to rise slightly in the upcoming week. The company's CEO, Mark Zuckerberg, has been actively promoting the use of generative AI, which could potentially lead to new business opportunities for NVDA. This could help the company to diversify its revenue streams and potentially increase its market share. Additionally, the TSMC investment in a new fab in Arizona could potentially boost NVDA's business, as it could lead to increased demand for the company's products. Overall, while there are some potential concerns, such as the earthquake in Taiwan, the positive developments suggest that NVDA is well-positioned for future growth. Therefore, the stock price is expected to rise slightly in the upcoming week."
NVDA_2024-05-13,rise,"[Positive Developments]: 1. Nvidia's next-generation GPU revealed: integrating eight HBM 4, TSMC N3 process. This could potentially increase the company's market share in the GPU market and boost its performance in the AI and cloud computing sectors. 2. EPAM Q1 Earnings Beat, Shares Fall on Downbeat FY24 Guidance. This indicates that the company's performance is strong, which could lead to an increase in investor confidence and potentially drive up the stock price. [Potential Concerns]: 1. The market's attention is focused after Stanley Druckenmiller, a Wall Street billionaire investor, bought a large stake in the company. This could lead to increased speculation and potential volatility in the stock price. 2. The company has not reported any basic financial information, which could indicate a lack of transparency and potentially lead to a decrease in investor confidence. [Prediction & Analysis]: Prediction: Rise (0-1% increase) Analysis: Despite the potential concerns, the positive developments outweigh them. The company's next-generation GPU is expected to increase its market share and boost its performance in the AI and cloud computing sectors. Additionally, the EPAM Q1 Earnings Beat indicates strong performance, which could lead to an increase in investor confidence. The lack of basic financial information may be a concern, but it is not a significant factor in the short term. Therefore, I predict a slight increase in the stock price for the upcoming week, potentially by 0-1%."
NVDA_2024-06-10,rise,"[Positive Developments]: 1. NVIDIA overtakes Apple as the second most valuable company, indicating a strong market position and potential for future growth. 2. The company is involved in the AI chip war, which could lead to increased demand for its products and potentially drive up the stock price.  [Potential Concerns]: 1. The lack of basic financial reports may indicate a lack of transparency or potential financial instability.  [Prediction & Analysis]: Prediction: Rise (1-2% increase) Analysis: Despite the lack of basic financial reports, NVIDIA's stock price has been steadily increasing over the past weeks, indicating a strong market position and potential for future growth. The company's involvement in the AI chip war and its recent overtaking of Apple as the second most valuable company are positive developments that could drive up the stock price. However, the lack of transparency in financial reports may be a concern for some investors. Overall, I predict a slight increase in NVIDIA's stock price for the upcoming week, potentially by 1-2%. This is based on the company's strong market position and potential for future growth, despite the lack of transparency in financial reports."
JPM_2024-03-04,rise,"[Positive Developments]: 1. Itau's interest in India's banking market could potentially lead to increased business opportunities for JPM. 2. The refinancing of Casa Cipriani by Walker & Dunlop suggests a positive outlook for the company's financial health.  [Potential Concerns]: 1. The departure of LPL's Chief Product Officer could lead to potential disruption in the company's product development and strategy.  [Prediction & Analysis]: Prediction: Rise (1-2% increase) Analysis: Despite the potential concerns, the positive developments outweigh them. The interest shown by Itau in India's banking market could lead to increased business opportunities for JPM, and the refinancing of Casa Cipriani suggests a positive outlook for the company's financial health. These developments indicate a strong financial position and potential for growth. However, the departure of LPL's Chief Product Officer could potentially disrupt the company's product development and strategy, which could lead to short-term volatility in the stock price. However, this is a short-term concern and the company's overall financial health remains strong. Therefore, the prediction for the upcoming week is a slight increase in the stock price, ranging between 1-2%."
JPM_2024-04-08,fall,"[Positive Developments]: 1. JPMorgan CEO Jamie Dimon's Annual Letter highlighted the potential for interest rates to rise, which could positively impact the banking sector and potentially boost JPM's profits. 2. The company's CEO, Tim Berry, wrote a letter to shareholders, which suggests a positive outlook for the company's future. 3. The company has been involved in strategic partnerships and investments, such as the $425M preferred equity investment led by General Atlantic Credit's Atlantic Park Fund, which could potentially lead to increased revenue and growth.  [Potential Concerns]: 1. The company's stock price has been steadily decreasing over the past week, which could indicate a potential downward trend. 2. The company's CEO, Jamie Dimon, expressed concerns about interest rates potentially going higher than expected, which could negatively impact the banking sector and potentially decrease JPM's profits.  [Prediction & Analysis]: Prediction: Down by 1-2% Analysis: Based on the recent developments, it seems that JPMorgan's stock price may continue to decrease in the upcoming week. The company's CEO, Jamie Dimon, expressed concerns about interest rates potentially going higher than expected, which could negatively impact the banking sector and potentially decrease JPM's profits. Additionally, the company's stock price has been steadily decreasing over the past week, which could indicate a potential downward trend. However, the strategic partnerships and investments made by the company could potentially lead to increased revenue and growth in the future. Overall, the potential concerns outweigh the positive developments, which suggests a downward trend for JPM's stock price in the upcoming week."
JPM_2024-05-13,rise,"[Positive Developments]: 1. JPMorgan's stock price has been steadily rising over the past few weeks, indicating a positive market sentiment. 2. The company's hiring of Jonathan Yam and Tom Holmes to key positions at FalconX and KeyBanc Capital Markets suggests a strong commitment to growth and expansion. 3. The company's sale of its remaining Kenvue shares could potentially lead to increased profitability and a stronger balance sheet.  [Potential Concerns]: 1. The disappearance of a customer's $1,000 paycheck from Truist bank could indicate potential issues with the bank's operations or customer service. 2. The fact that JPMorgan's executives are ""jumping"" to Wells Fargo suggests potential issues with the company's internal dynamics or leadership.  [Prediction & Analysis]: Prediction: Rise (1-2% increase) Analysis: Based on the positive developments and potential concerns, it is likely that JPMorgan's stock price will continue to rise in the upcoming week. The company's recent hires and sale of Kenvue shares indicate a strong commitment to growth and expansion, which could lead to increased profitability and a stronger balance sheet. Additionally, the fact that JPMorgan's executives are ""jumping"" to Wells Fargo suggests that there may be potential issues with the company's internal dynamics or leadership, which could potentially lead to a shift in the company's strategy or operations. However, these concerns are not significant enough to outweigh the positive developments, and therefore the stock price is expected to rise."
JPM_2024-06-10,rise,"[Positive Developments]: 1. Addus HomeCare's expansion into two new states with a $350M deal is a positive development for JPM, as it could potentially lead to increased demand for their services. 2. The company's share repurchase program suggests that the board of directors and management are confident in the company's financial health and future prospects.  [Potential Concerns]: 1. The dip in Waystar's shares after the company's IPO suggests that investors may be experiencing some level of uncertainty or skepticism about the company's long-term prospects.  [Prediction & Analysis]: Prediction: Rise (1-2%) Analysis: Based on the positive developments, such as Addus HomeCare's expansion and the share repurchase program, it seems that JPM is in a good position to capitalize on potential growth opportunities. However, the dip in Waystar's shares after its IPO could be a concern, as it may indicate that investors are not fully convinced of the company's long-term prospects. Overall, I predict that JPM's stock price will rise by 1-2% in the upcoming week. This is due to the positive developments mentioned above, which suggest that the company is well-positioned for growth. However, the potential concern about Waystar's IPO could potentially offset this growth, and thus the prediction is slightly conservative."
WMT_2024-03-04,rise,"[Positive Developments]: 1. Central Virginia poultry growers are forming a co-op in the wake of Tyson facility closure and contract buyouts, which could potentially lead to increased demand for Walmart's products. 2. Walmart sold its intermodal assets to JB Hunt, which could potentially lead to increased efficiency in logistics and transportation, which could positively impact Walmart's bottom line. 3. Marissa Mayer was elected to AT&T Board of Directors, which could potentially lead to increased visibility and credibility for Walmart in the tech industry.  [Potential Concerns]: 1. The closure of San Francisco Macy's could potentially lead to a loss of revenue for Walmart, as it may have been a significant source of sales for the company. 2. The backlash against Walmart's labor practices and the formation of a co-op by poultry growers could potentially lead to increased scrutiny and negative publicity for the company.  [Prediction & Analysis]: Prediction: Rise (0-1% increase) Analysis: Based on the positive developments, it seems that Walmart is making strategic moves to improve its operations and increase its market share. The formation of a co-op by poultry growers could potentially lead to increased demand for Walmart's products, and the sale of intermodal assets to JB Hunt could lead to increased efficiency in logistics and transportation. Additionally, Marissa Mayer's election to AT&T Board of Directors could potentially lead to increased visibility and credibility for Walmart in the tech industry. However, the closure of San Francisco Macy's could potentially lead to a loss of revenue for Walmart, and the backlash against Walmart's labor practices could potentially lead to increased scrutiny and negative publicity for the company. Overall, while there are some potential concerns, the positive developments seem to outweigh them. Therefore, I predict a slight increase in Walmart's stock price for the upcoming week, potentially by 0-1%."
WMT_2024-04-08,rise,"[Positive Developments]: 1. Target Circle 360 paid membership rollout: This could potentially increase Target's customer base and boost sales, especially if the program is well-received by customers. 2. Hiring of Uber Freight veterans: This could indicate a strategic move by Walmart to improve its logistics and delivery services, which could lead to increased efficiency and customer satisfaction. 3. Introduction of Six Star Pro Nutrition® and WK Kellogg Co's Ready-to-Drink (RTD) product: This could potentially increase Walmart's revenue from the health and wellness sector, which is a growing market.  [Potential Concerns]: 1. Recall of Mainstays Electric Mini Choppers: This could potentially lead to a loss of trust among customers and a negative impact on Walmart's reputation. 2. Closure of a store on Watt Avenue: This could potentially lead to a loss of revenue for Walmart and a negative impact on its operations in the area.  [Prediction & Analysis]: Prediction: Up by 1-2% Analysis: Despite the potential concerns, the positive developments outweigh them. The rollout of Target Circle 360 could potentially increase customer loyalty and drive sales, while the hiring of Uber Freight veterans could lead to improved logistics and delivery services. Additionally, the introduction of a new product in the health and wellness sector could potentially increase revenue. These developments suggest that Walmart is taking proactive steps to improve its operations and increase revenue, which could lead to a positive stock price movement in the upcoming week."
WMT_2024-05-13,rise,"[Positive Developments]: 1. Urban Edge Properties' acquisition of Ledgewood Commons and Shops at Ledgewood for $83M, indicating a strong interest in retail properties and a potential boost in revenue. 2. The addition of new board members at Boston Scientific, suggesting a potential for increased strategic decision-making and innovation.  [Potential Concerns]: 1. The FTC's request for more information about Walmart's $2.3 billion Vizio acquisition, which could potentially lead to regulatory issues and delays.  [Prediction & Analysis]: Prediction: Rise (1-2%), with a slight increase in the upcoming week. Analysis: Despite the potential concerns, the positive developments outweigh them. The acquisitions of Ledgewood Commons and Shops at Ledgewood by Urban Edge Properties indicate a strong interest in retail properties, which could potentially lead to increased revenue. Additionally, the addition of new board members at Boston Scientific suggests a potential for increased strategic decision-making and innovation. These developments could potentially lead to increased investor confidence and a slight increase in the stock price. However, the FTC's request for more information about Walmart's $2.3 billion Vizio acquisition could potentially lead to regulatory issues and delays, which could negatively impact the stock price. However, this concern is not significant enough to outweigh the positive developments, and therefore the prediction for the upcoming week is a slight increase in the stock price."
WMT_2024-06-10,rise,"[Positive Developments]: 1. Walmart is expanding its digital shelf labels in 2,300 stores by 2026, which could improve customer experience and increase sales. 2. The company is exploring the sale of its Family Dollar banner, which could potentially lead to a more focused strategy and potentially higher profits.  [Potential Concerns]: 1. The news of Walmart exploring the sale of its Family Dollar banner could potentially lead to a decrease in stock price if the sale is not successful. 2. The company is facing competition from other retailers, such as Dollar Tree, which is also exploring the sale of its Family Dollar banner.  [Prediction & Analysis]: Prediction: Rise (1-2% increase) Analysis: Despite the potential concerns, the positive developments outweigh them. The expansion of digital shelf labels could lead to improved customer experience and potentially higher sales. Additionally, the potential sale of the Family Dollar banner could lead to a more focused strategy and potentially higher profits. These developments could potentially lead to an increase in stock price. However, the potential competition from other retailers, such as Dollar Tree, could potentially lead to a decrease in stock price if the sale of the Family Dollar banner does not go through. Overall, the positive developments outweigh the potential concerns, leading to a predicted rise in stock price of 1-2% for the upcoming week."
